stars,ratio,allStars,allRatio
1642,0.11593588928899244,159811,0.10183818656389237
1144,0.08077384734872556,140608,0.08960123981688231
1828,0.12906870013415236,222719,0.1419257690229305
4777,0.33728729788886536,466599,0.29733620346863243
4772,0.3369342653392643,579527,0.3692986011276624
