stars,ratio,allStars,allRatio
183,0.09692796610169492,159811,0.10183818656389237
128,0.06779661016949153,140608,0.08960123981688231
231,0.12235169491525423,222719,0.1419257690229305
665,0.3522245762711864,466599,0.29733620346863243
681,0.3606991525423729,579527,0.3692986011276624
