stars,ratio,allStars,allRatio
9829,0.1378309400942338,159811,0.10183818656389237
7214,0.10116109490688804,140608,0.08960123981688231
9844,0.13804128337446714,222719,0.1419257690229305
22011,0.3086577294144043,466599,0.29733620346863243
22414,0.3143089522100067,579527,0.3692986011276624
