stars,ratio,allStars,allRatio
28538,0.06290017919211467,159811,0.10183818656389237
32737,0.07215513232224605,140608,0.08960123981688231
63576,0.14012691121725004,222719,0.1419257690229305
154287,0.34006167029973355,466599,0.29733620346863243
174565,0.3847561069686557,579527,0.3692986011276624
