stars,ratio,allStars,allRatio
86593,0.117025633,159811,0.101838187
74260,0.100358268,140608,0.08960124
104358,0.141034044,222719,0.141925769
218487,0.295273053,466599,0.297336203
256251,0.346309002,579527,0.369298601
